dataset,round,cluster_id,label,phrase,support_count,distance_cutoff,patch_len,stats_json
MB1,1,0,HIGH_RATE_BURSTS,frequent bursts across most of the patch,50000,0.8144199848175049,5,"{""L"": 5, ""amp"": 45403520.0, ""delta"": 45403520.0, ""level_mean"": 1882064204.8, ""level_std"": 16087344.082798881, ""max_step"": 11956096.0, ""mean_abs_step"": 11350880.0, ""pos_max_step"": 0.25, ""step_std"": 368892.6731286486}"
MB1,1,1,HIGH_RATE_BURSTS,frequent bursts across most of the patch,50000,0.8144199848175049,5,"{""L"": 5, ""amp"": 72359424.0, ""delta"": 72359424.0, ""level_mean"": 7976294707.2, ""level_std"": 25737686.338613164, ""max_step"": 19032064.0, ""mean_abs_step"": 18089856.0, ""pos_max_step"": 0.25, ""step_std"": 609766.2463075502}"
MB1,1,2,UNUSED_PROTO,prototype rarely activated in training windows,0,0.8144199848175049,5,{}
MB1,1,3,HIGH_RATE_BURSTS,frequent bursts across most of the patch,50000,0.8144199848175049,5,"{""L"": 5, ""amp"": 1576894464.0, ""delta"": 1576894464.0, ""level_mean"": 149372089139.2, ""level_std"": 557802687.9700634, ""max_step"": 400506880.0, ""mean_abs_step"": 394223616.0, ""pos_max_step"": 0.5, ""step_std"": 4073961.575406425}"
MB1,1,4,UNUSED_PROTO,prototype rarely activated in training windows,0,0.8144199848175049,5,{}
MB1,1,5,HIGH_RATE_BURSTS,frequent bursts across most of the patch,50000,0.8144199848175049,5,"{""L"": 5, ""amp"": 1094692864.0, ""delta"": 1094692864.0, ""level_mean"": 62028615680.0, ""level_std"": 387435283.1449697, ""max_step"": 277454848.0, ""mean_abs_step"": 273673216.0, ""pos_max_step"": 0.5, ""step_std"": 2837122.976944073}"
MB1,1,6,HIGH_RATE_BURSTS,frequent bursts across most of the patch,1096,0.8144199848175049,5,"{""L"": 5, ""amp"": 17563123712.0, ""delta"": 17563123712.0, ""level_mean"": 5425818238976.0, ""level_std"": 6190737921.700164, ""max_step"": 4587520000.0, ""mean_abs_step"": 4390780928.0, ""pos_max_step"": 0.0, ""step_std"": 114407987.9749091}"
MB1,1,7,UNUSED_PROTO,prototype rarely activated in training windows,0,0.8144199848175049,5,{}
MB1,1,8,UNUSED_PROTO,prototype rarely activated in training windows,0,0.8144199848175049,5,{}
MB1,1,9,HIGH_RATE_BURSTS,frequent bursts across most of the patch,50000,0.8144199848175049,5,"{""L"": 5, ""amp"": 1740734464.0, ""delta"": 1740734464.0, ""level_mean"": 178623578112.0, ""level_std"": 613726245.2947013, ""max_step"": 441827328.0, ""mean_abs_step"": 435183616.0, ""pos_max_step"": 0.0, ""step_std"": 6133423.216129798}"
MB1,1,10,HIGH_RATE_BURSTS,frequent bursts across most of the patch,5973,0.8144199848175049,5,"{""L"": 5, ""amp"": 11498684416.0, ""delta"": 11498684416.0, ""level_mean"": 3515733245952.0, ""level_std"": 4064797689.0992007, ""max_step"": 2927886336.0, ""mean_abs_step"": 2874671104.0, ""pos_max_step"": 0.0, ""step_std"": 38515100.73414925}"
MB1,1,11,HIGH_RATE_BURSTS,frequent bursts across most of the patch,50000,0.8144199848175049,5,"{""L"": 5, ""amp"": 155430400.0, ""delta"": 155430400.0, ""level_mean"": 8007915724.8, ""level_std"": 54901308.140927434, ""max_step"": 40953344.0, ""mean_abs_step"": 38857600.0, ""pos_max_step"": 0.75, ""step_std"": 1357598.9858805877}"
MB1,1,12,HIGH_RATE_BURSTS,frequent bursts across most of the patch,50000,0.8144199848175049,5,"{""L"": 5, ""amp"": 1119977472.0, ""delta"": 1119977472.0, ""level_mean"": 89516226969.6, ""level_std"": 395625518.6003686, ""max_step"": 281960448.0, ""mean_abs_step"": 279994368.0, ""pos_max_step"": 0.0, ""step_std"": 1910651.1936698442}"
MB1,1,13,HIGH_RATE_BURSTS,frequent bursts across most of the patch,49616,0.8144199848175049,5,"{""L"": 5, ""amp"": 6160252928.0, ""delta"": 6160252928.0, ""level_mean"": 939777418854.4, ""level_std"": 2179183964.384182, ""max_step"": 1557397504.0, ""mean_abs_step"": 1540063232.0, ""pos_max_step"": 0.0, ""step_std"": 17186464.57600678}"
MB1,1,14,LOW_STABLE,roughly constant over the patch,15,0.8144199848175049,5,"{""L"": 5, ""amp"": 0.0, ""delta"": 0.0, ""level_mean"": 1587.0, ""level_std"": 0.0, ""max_step"": 0.0, ""mean_abs_step"": 0.0, ""pos_max_step"": 0.0, ""step_std"": 0.0}"
MB1,1,15,HIGH_RATE_BURSTS,frequent bursts across most of the patch,50000,0.8144199848175049,5,"{""L"": 5, ""amp"": 2715942912.0, ""delta"": 2715942912.0, ""level_mean"": 772261399756.8, ""level_std"": 960781670.4181919, ""max_step"": 688062464.0, ""mean_abs_step"": 678985728.0, ""pos_max_step"": 0.0, ""step_std"": 8515961.280723628}"
MB1,2,0,HIGH_RATE_BURSTS,frequent bursts across most of the patch,50000,0.5569981336593628,5,"{""L"": 5, ""amp"": 1417297920.0, ""delta"": 1417297920.0, ""level_mean"": 116048039116.8, ""level_std"": 502094993.0436489, ""max_step"": 358596608.0, ""mean_abs_step"": 354324480.0, ""pos_max_step"": 0.5, ""step_std"": 3707843.9056163086}"
MB1,2,1,HIGH_RATE_BURSTS,frequent bursts across most of the patch,50000,0.5569981336593628,5,"{""L"": 5, ""amp"": 21645824.0, ""delta"": 21645824.0, ""level_mean"": 774488857.6, ""level_std"": 7669803.344454291, ""max_step"": 5507712.0, ""mean_abs_step"": 5411456.0, ""pos_max_step"": 0.25, ""step_std"": 86480.46031329852}"
MB1,2,2,HIGH_RATE_BURSTS,frequent bursts across most of the patch,50000,0.5569981336593628,5,"{""L"": 5, ""amp"": 36322560.0, ""delta"": 36322560.0, ""level_mean"": 3958674534.4, ""level_std"": 12730213.934305828, ""max_step"": 9626112.0, ""mean_abs_step"": 9080640.0, ""pos_max_step"": 0.75, ""step_std"": 467611.57104588416}"
MB1,2,3,FAST_RISE,rapidly increasing over the patch,8,0.5569981336593628,5,"{""L"": 5, ""amp"": 0.75, ""delta"": 0.75, ""level_mean"": 937.9, ""level_std"": 0.24238399287081647, ""max_step"": 0.375, ""mean_abs_step"": 0.1875, ""pos_max_step"": 0.0, ""step_std"": 0.13975424859373686}"
MB1,2,4,UNUSED_PROTO,prototype rarely activated in training windows,0,0.5569981336593628,5,{}
MB1,2,5,HIGH_RATE_BURSTS,frequent bursts across most of the patch,50000,0.5569981336593628,5,"{""L"": 5, ""amp"": 1982169088.0, ""delta"": 1982169088.0, ""level_mean"": 427634707660.8, ""level_std"": 699665924.2034329, ""max_step"": 521568256.0, ""mean_abs_step"": 495542272.0, ""pos_max_step"": 0.0, ""step_std"": 16241467.959727285}"
MB1,2,6,HIGH_RATE_BURSTS,frequent bursts across most of the patch,837,0.5569981336593628,5,"{""L"": 5, ""amp"": 25913458688.0, ""delta"": 25913458688.0, ""level_mean"": 4525936712089.6, ""level_std"": 9153688524.865028, ""max_step"": 6635388928.0, ""mean_abs_step"": 6478364672.0, ""pos_max_step"": 0.0, ""step_std"": 139803879.96681774}"
MB1,2,7,HIGH_RATE_BURSTS,frequent bursts across most of the patch,50000,0.5569981336593628,5,"{""L"": 5, ""amp"": 127247872.0, ""delta"": 127247872.0, ""level_mean"": 6741347020.8, ""level_std"": 45098725.88365328, ""max_step"": 32664576.0, ""mean_abs_step"": 31811968.0, ""pos_max_step"": 0.75, ""step_std"": 950048.7582603326}"
MB1,2,8,UNUSED_PROTO,prototype rarely activated in training windows,0,0.5569981336593628,5,{}
MB1,2,9,HIGH_RATE_BURSTS,frequent bursts across most of the patch,50000,0.5569981336593628,5,"{""L"": 5, ""amp"": 923926528.0, ""delta"": 923926528.0, ""level_mean"": 60558630092.8, ""level_std"": 327056936.7852492, ""max_step"": 232878080.0, ""mean_abs_step"": 230981632.0, ""pos_max_step"": 0.75, ""step_std"": 2717045.4081858844}"
MB1,2,10,HIGH_RATE_BURSTS,frequent bursts across most of the patch,50000,0.5569981336593628,5,"{""L"": 5, ""amp"": 1641070592.0, ""delta"": 1641070592.0, ""level_mean"": 155315706265.6, ""level_std"": 580749440.1106123, ""max_step"": 416088064.0, ""mean_abs_step"": 410267648.0, ""pos_max_step"": 0.5, ""step_std"": 4547989.685124626}"
MB1,2,11,HIGH_RATE_BURSTS,frequent bursts across most of the patch,6,0.5569981336593628,5,"{""L"": 5, ""amp"": 263518683136.0, ""delta"": 263518683136.0, ""level_mean"": 14979506477465.6, ""level_std"": 93169782812.50224, ""max_step"": 65927118848.0, ""mean_abs_step"": 65879670784.0, ""pos_max_step"": 0.0, ""step_std"": 41755021.785038695}"
MB1,2,12,HIGH_RATE_BURSTS,frequent bursts across most of the patch,11546,0.5569981336593628,5,"{""L"": 5, ""amp"": 6891896832.0, ""delta"": 6891896832.0, ""level_mean"": 1951791526707.2, ""level_std"": 2439201787.8583083, ""max_step"": 1801453568.0, ""mean_abs_step"": 1722974208.0, ""pos_max_step"": 0.0, ""step_std"": 64772009.19613496}"
MB1,2,13,HIGH_RATE_BURSTS,frequent bursts across most of the patch,50000,0.5569981336593628,5,"{""L"": 5, ""amp"": 1586348032.0, ""delta"": 1586348032.0, ""level_mean"": 78283703910.4, ""level_std"": 560857618.4839184, ""max_step"": 397107200.0, ""mean_abs_step"": 396587008.0, ""pos_max_step"": 0.5, ""step_std"": 380795.848044592}"
MB1,2,14,HIGH_RATE_BURSTS,frequent bursts across most of the patch,50000,0.5569981336593628,5,"{""L"": 5, ""amp"": 1541308416.0, ""delta"": 1541308416.0, ""level_mean"": 149206650060.8, ""level_std"": 546211701.2255887, ""max_step"": 390021120.0, ""mean_abs_step"": 385327104.0, ""pos_max_step"": 0.5, ""step_std"": 4777397.128124058}"
MB1,2,15,UNUSED_PROTO,prototype rarely activated in training windows,0,0.5569981336593628,5,{}
MB1,3,0,HIGH_RATE_BURSTS,frequent bursts across most of the patch,50000,0.6301332116127014,5,"{""L"": 5, ""amp"": 33936768.0, ""delta"": 33936768.0, ""level_mean"": 1251044172.8, ""level_std"": 11996174.055025484, ""max_step"": 8587008.0, ""mean_abs_step"": 8484192.0, ""pos_max_step"": 0.0, ""step_std"": 98234.86631537705}"
MB1,3,1,HIGH_RATE_BURSTS,frequent bursts across most of the patch,50000,0.6301332116127014,5,"{""L"": 5, ""amp"": 54566400.0, ""delta"": 54566400.0, ""level_mean"": 4927473459.2, ""level_std"": 18764267.095009774, ""max_step"": 16228352.0, ""mean_abs_step"": 13641600.0, ""pos_max_step"": 0.0, ""step_std"": 2074502.4525104808}"
MB1,3,2,UNUSED_PROTO,prototype rarely activated in training windows,0,0.6301332116127014,5,{}
MB1,3,3,HIGH_RATE_BURSTS,frequent bursts across most of the patch,50000,0.6301332116127014,5,"{""L"": 5, ""amp"": 1111031808.0, ""delta"": 1111031808.0, ""level_mean"": 79205113856.0, ""level_std"": 392519442.472106, ""max_step"": 281878528.0, ""mean_abs_step"": 277757952.0, ""pos_max_step"": 0.75, ""step_std"": 2419117.1575233806}"
MB1,3,4,UNUSED_PROTO,prototype rarely activated in training windows,0,0.6301332116127014,5,{}
MB1,3,5,HIGH_RATE_BURSTS,frequent bursts across most of the patch,50000,0.6301332116127014,5,"{""L"": 5, ""amp"": 1682161664.0, ""delta"": 1682161664.0, ""level_mean"": 154932949811.2, ""level_std"": 593489702.6466581, ""max_step"": 447021056.0, ""mean_abs_step"": 420540416.0, ""pos_max_step"": 0.75, ""step_std"": 16100731.005142841}"
MB1,3,6,HIGH_RATE_BURSTS,frequent bursts across most of the patch,10,0.6301332116127014,5,"{""L"": 5, ""amp"": 209345052672.0, ""delta"": 209345052672.0, ""level_mean"": 11423162617036.8, ""level_std"": 74014582372.89561, ""max_step"": 52378468352.0, ""mean_abs_step"": 52336263168.0, ""pos_max_step"": 0.75, ""step_std"": 30321574.48502541}"
MB1,3,7,HIGH_RATE_BURSTS,frequent bursts across most of the patch,1,0.6301332116127014,5,"{""L"": 5, ""amp"": 95994.0, ""delta"": 95994.0, ""level_mean"": 2691616.0, ""level_std"": 33938.57992314941, ""max_step"": 24000.0, ""mean_abs_step"": 23998.5, ""pos_max_step"": 0.0, ""step_std"": 1.5}"
MB1,3,8,HIGH_RATE_BURSTS,frequent bursts across most of the patch,50000,0.6301332116127014,5,"{""L"": 5, ""amp"": 151785472.0, ""delta"": 151785472.0, ""level_mean"": 7667415244.8, ""level_std"": 53749797.44124282, ""max_step"": 39673344.0, ""mean_abs_step"": 37946368.0, ""pos_max_step"": 0.75, ""step_std"": 1586166.3731147498}"
MB1,3,9,HIGH_RATE_BURSTS,frequent bursts across most of the patch,11196,0.6301332116127014,5,"{""L"": 5, ""amp"": 8436580352.0, ""delta"": 8436580352.0, ""level_mean"": 1972985056460.8, ""level_std"": 2984387286.2247987, ""max_step"": 2186018816.0, ""mean_abs_step"": 2109145088.0, ""pos_max_step"": 0.0, ""step_std"": 60744660.49107526}"
MB1,3,10,FAST_RISE,rapidly increasing over the patch,956,0.6301332116127014,5,"{""L"": 5, ""amp"": 0.1630859375, ""delta"": 0.1630859375, ""level_mean"": 2294.442236328125, ""level_std"": 0.06523437500000001, ""max_step"": 0.1630859375, ""mean_abs_step"": 0.040771484375, ""pos_max_step"": 0.0, ""step_std"": 0.07061828243750061}"
MB1,3,11,HIGH_RATE_BURSTS,frequent bursts across most of the patch,50000,0.6301332116127014,5,"{""L"": 5, ""amp"": 1651671040.0, ""delta"": 1651671040.0, ""level_mean"": 149549698252.8, ""level_std"": 584365133.0465524, ""max_step"": 419217408.0, ""mean_abs_step"": 412917760.0, ""pos_max_step"": 0.5, ""step_std"": 3757735.6746892137}"
MB1,3,12,HIGH_RATE_BURSTS,frequent bursts across most of the patch,50000,0.6301332116127014,5,"{""L"": 5, ""amp"": 1303986176.0, ""delta"": 1303986176.0, ""level_mean"": 71032394547.2, ""level_std"": 461147068.526854, ""max_step"": 326893568.0, ""mean_abs_step"": 325996544.0, ""pos_max_step"": 0.5, ""step_std"": 596513.1801930281}"
MB1,3,13,HIGH_RATE_BURSTS,frequent bursts across most of the patch,1152,0.6301332116127014,5,"{""L"": 5, ""amp"": 19386728448.0, ""delta"": 19386728448.0, ""level_mean"": 1494054155059.2, ""level_std"": 6877857217.138799, ""max_step"": 4977721344.0, ""mean_abs_step"": 4846682112.0, ""pos_max_step"": 0.5, ""step_std"": 93117149.10517052}"
MB1,3,14,HIGH_RATE_BURSTS,frequent bursts across most of the patch,50000,0.6301332116127014,5,"{""L"": 5, ""amp"": 1089306624.0, ""delta"": 1089306624.0, ""level_mean"": 288765221273.6, ""level_std"": 387321963.4850616, ""max_step"": 294387712.0, ""mean_abs_step"": 272326656.0, ""pos_max_step"": 0.25, ""step_std"": 17958259.799766347}"
MB1,3,15,FAST_RISE,rapidly increasing over the patch,1,0.6301332116127014,5,"{""L"": 5, ""amp"": 162.0, ""delta"": 162.0, ""level_mean"": 586.0, ""level_std"": 60.3721790231229, ""max_step"": 142.0, ""mean_abs_step"": 40.5, ""pos_max_step"": 0.0, ""step_std"": 58.69199263954155}"
MB2,1,0,HIGH_RATE_BURSTS,frequent bursts across most of the patch,50000,1.393409013748169,5,"{""L"": 5, ""amp"": 14898688.0, ""delta"": 14898688.0, ""level_mean"": 1517647104.0, ""level_std"": 5249389.073843623, ""max_step"": 4219648.0, ""mean_abs_step"": 3724672.0, ""pos_max_step"": 0.75, ""step_std"": 312004.2075613725}"
MB2,1,1,HIGH_RATE_BURSTS,frequent bursts across most of the patch,50000,1.393409013748169,5,"{""L"": 5, ""amp"": 84434944.0, ""delta"": 84434944.0, ""level_mean"": 15719268556.8, ""level_std"": 29734746.775776237, ""max_step"": 22798336.0, ""mean_abs_step"": 21108736.0, ""pos_max_step"": 0.0, ""step_std"": 1088240.553171954}"
MB2,1,2,HIGH_RATE_BURSTS,frequent bursts across most of the patch,50000,1.393409013748169,5,"{""L"": 5, ""amp"": 1166065664.0, ""delta"": 1166065664.0, ""level_mean"": 194337259520.0, ""level_std"": 412427119.892596, ""max_step"": 293175296.0, ""mean_abs_step"": 291516416.0, ""pos_max_step"": 0.0, ""step_std"": 1733430.877878896}"
MB2,1,3,HIGH_RATE_BURSTS,frequent bursts across most of the patch,50000,1.393409013748169,5,"{""L"": 5, ""amp"": 2241200128.0, ""delta"": 2241200128.0, ""level_mean"": 312082353356.8, ""level_std"": 792896196.7068363, ""max_step"": 566919168.0, ""mean_abs_step"": 560300032.0, ""pos_max_step"": 0.25, ""step_std"": 4733756.96418479}"
MB2,1,4,HIGH_RATE_BURSTS,frequent bursts across most of the patch,50000,1.393409013748169,5,"{""L"": 5, ""amp"": 700563456.0, ""delta"": 700563456.0, ""level_mean"": 132820095795.2, ""level_std"": 247743929.11815435, ""max_step"": 176750592.0, ""mean_abs_step"": 175140864.0, ""pos_max_step"": 0.25, ""step_std"": 1587785.2237226544}"
MB2,1,5,FAST_RISE,rapidly increasing over the patch,157,1.393409013748169,5,"{""L"": 5, ""amp"": 156.609375, ""delta"": 156.609375, ""level_mean"": 154344.628125, ""level_std"": 55.17073234090019, ""max_step"": 57.375, ""mean_abs_step"": 39.15234375, ""pos_max_step"": 0.0, ""step_std"": 16.005718639748878}"
MB2,1,6,HIGH_RATE_BURSTS,frequent bursts across most of the patch,50000,1.393409013748169,5,"{""L"": 5, ""amp"": 505126912.0, ""delta"": 505126912.0, ""level_mean"": 56083275776.0, ""level_std"": 178524184.2555358, ""max_step"": 127709184.0, ""mean_abs_step"": 126281728.0, ""pos_max_step"": 0.0, ""step_std"": 966940.1616232516}"
MB2,1,7,HIGH_RATE_BURSTS,frequent bursts across most of the patch,50000,1.393409013748169,5,"{""L"": 5, ""amp"": 629555200.0, ""delta"": 629555200.0, ""level_mean"": 94689379942.4, ""level_std"": 222294913.14830515, ""max_step"": 162226176.0, ""mean_abs_step"": 157388800.0, ""pos_max_step"": 0.0, ""step_std"": 2951147.3920168746}"
MB2,1,8,HIGH_RATE_BURSTS,frequent bursts across most of the patch,62,1.393409013748169,5,"{""L"": 5, ""amp"": 19812450304.0, ""delta"": 19812450304.0, ""level_mean"": 1359673583206.4, ""level_std"": 6928709122.183199, ""max_step"": 5799936000.0, ""mean_abs_step"": 4953112576.0, ""pos_max_step"": 0.0, ""step_std"": 489196178.33212143}"
MB2,1,9,HIGH_RATE_BURSTS,frequent bursts across most of the patch,50000,1.393409013748169,5,"{""L"": 5, ""amp"": 2247819264.0, ""delta"": 2247819264.0, ""level_mean"": 376156481126.4, ""level_std"": 795213540.554319, ""max_step"": 566591488.0, ""mean_abs_step"": 561954816.0, ""pos_max_step"": 0.0, ""step_std"": 4858760.765660314}"
MB2,1,10,HIGH_RATE_BURSTS,frequent bursts across most of the patch,50000,1.393409013748169,5,"{""L"": 5, ""amp"": 840941568.0, ""delta"": 840941568.0, ""level_mean"": 140671929548.8, ""level_std"": 297194031.46191645, ""max_step"": 213352448.0, ""mean_abs_step"": 210235392.0, ""pos_max_step"": 0.0, ""step_std"": 2324692.0079528815}"
MB2,1,11,HIGH_RATE_BURSTS,frequent bursts across most of the patch,36784,1.393409013748169,5,"{""L"": 5, ""amp"": 8954970112.0, ""delta"": 8954970112.0, ""level_mean"": 1496498910003.2, ""level_std"": 3165190237.982569, ""max_step"": 2265579520.0, ""mean_abs_step"": 2238742528.0, ""pos_max_step"": 0.0, ""step_std"": 18189605.050839778}"
MB2,1,12,LOW_STABLE,roughly constant over the patch,444,1.393409013748169,5,"{""L"": 5, ""amp"": 0.0, ""delta"": 0.0, ""level_mean"": 31334.0, ""level_std"": 0.0, ""max_step"": 0.0, ""mean_abs_step"": 0.0, ""pos_max_step"": 0.0, ""step_std"": 0.0}"
MB2,1,13,HIGH_RATE_BURSTS,frequent bursts across most of the patch,6,1.393409013748169,5,"{""L"": 5, ""amp"": 326669172736.0, ""delta"": 326669172736.0, ""level_mean"": 13894578444697.6, ""level_std"": 115496033391.3978, ""max_step"": 81720770560.0, ""mean_abs_step"": 81667293184.0, ""pos_max_step"": 0.25, ""step_std"": 42418755.03660408}"
MB2,1,14,HIGH_RATE_BURSTS,frequent bursts across most of the patch,25590,1.393409013748169,5,"{""L"": 5, ""amp"": 5780078592.0, ""delta"": 5780078592.0, ""level_mean"": 1088278508339.2, ""level_std"": 2045184235.5420227, ""max_step"": 1467023360.0, ""mean_abs_step"": 1445019648.0, ""pos_max_step"": 0.25, ""step_std"": 18704896.04905154}"
MB2,1,15,HIGH_RATE_BURSTS,frequent bursts across most of the patch,50000,1.393409013748169,5,"{""L"": 5, ""amp"": 3295543296.0, ""delta"": 3295543296.0, ""level_mean"": 512423945830.4, ""level_std"": 1164332572.755733, ""max_step"": 829751296.0, ""mean_abs_step"": 823885824.0, ""pos_max_step"": 0.0, ""step_std"": 3634959.424152077}"
MB2,2,0,HIGH_RATE_BURSTS,frequent bursts across most of the patch,50000,1.5440067052841187,5,"{""L"": 5, ""amp"": 11010688.0, ""delta"": 11010688.0, ""level_mean"": 1041459033.6, ""level_std"": 3875776.874857148, ""max_step"": 2870144.0, ""mean_abs_step"": 2752672.0, ""pos_max_step"": 0.75, ""step_std"": 100001.6895857265}"
MB2,2,1,HIGH_RATE_BURSTS,frequent bursts across most of the patch,50000,1.5440067052841187,5,"{""L"": 5, ""amp"": 81794048.0, ""delta"": 81794048.0, ""level_mean"": 14275883008.0, ""level_std"": 28891116.57542411, ""max_step"": 21224448.0, ""mean_abs_step"": 20448512.0, ""pos_max_step"": 0.75, ""step_std"": 660185.1869165197}"
MB2,2,2,HIGH_RATE_BURSTS,frequent bursts across most of the patch,50000,1.5440067052841187,5,"{""L"": 5, ""amp"": 1160626176.0, ""delta"": 1160626176.0, ""level_mean"": 186967349657.6, ""level_std"": 410030704.68074805, ""max_step"": 292126720.0, ""mean_abs_step"": 290156544.0, ""pos_max_step"": 0.75, ""step_std"": 1625255.4318284865}"
MB2,2,3,LOW_STABLE,roughly constant over the patch,384,1.5440067052841187,5,"{""L"": 5, ""amp"": 0.0, ""delta"": 0.0, ""level_mean"": 31334.0, ""level_std"": 0.0, ""max_step"": 0.0, ""mean_abs_step"": 0.0, ""pos_max_step"": 0.0, ""step_std"": 0.0}"
MB2,2,4,HIGH_RATE_BURSTS,frequent bursts across most of the patch,50000,1.5440067052841187,5,"{""L"": 5, ""amp"": 726138880.0, ""delta"": 726138880.0, ""level_mean"": 146247290060.8, ""level_std"": 257031290.1682496, ""max_step"": 185417728.0, ""mean_abs_step"": 181534720.0, ""pos_max_step"": 0.0, ""step_std"": 3637266.4504036545}"
MB2,2,5,HIGH_RATE_BURSTS,frequent bursts across most of the patch,50000,1.5440067052841187,5,"{""L"": 5, ""amp"": 2142142464.0, ""delta"": 2142142464.0, ""level_mean"": 280726464102.4, ""level_std"": 757828708.9082987, ""max_step"": 538116096.0, ""mean_abs_step"": 535535616.0, ""pos_max_step"": 0.5, ""step_std"": 2118847.774790818}"
MB2,2,6,FAST_RISE,rapidly increasing over the patch,25,1.5440067052841187,5,"{""L"": 5, ""amp"": 2048.28125, ""delta"": 2048.28125, ""level_mean"": 221763.6, ""level_std"": 734.7698575170493, ""max_step"": 729.3125, ""mean_abs_step"": 512.0703125, ""pos_max_step"": 0.25, ""step_std"": 157.333548615734}"
MB2,2,7,HIGH_RATE_BURSTS,frequent bursts across most of the patch,50000,1.5440067052841187,5,"{""L"": 5, ""amp"": 570023936.0, ""delta"": 570023936.0, ""level_mean"": 87934004428.8, ""level_std"": 201489354.44736424, ""max_step"": 143581184.0, ""mean_abs_step"": 142505984.0, ""pos_max_step"": 0.75, ""step_std"": 945960.9798971625}"
MB2,2,8,HIGH_RATE_BURSTS,frequent bursts across most of the patch,50000,1.5440067052841187,5,"{""L"": 5, ""amp"": 3170992128.0, ""delta"": 3170992128.0, ""level_mean"": 489381901107.2, ""level_std"": 1119935309.7130532, ""max_step"": 800653312.0, ""mean_abs_step"": 792748032.0, ""pos_max_step"": 0.0, ""step_std"": 4989102.867214506}"
MB2,2,9,HIGH_RATE_BURSTS,frequent bursts across most of the patch,56,1.5440067052841187,5,"{""L"": 5, ""amp"": 23202234368.0, ""delta"": 23202234368.0, ""level_mean"": 1311675881881.6, ""level_std"": 8201829939.137639, ""max_step"": 5810552832.0, ""mean_abs_step"": 5800558592.0, ""pos_max_step"": 0.0, ""step_std"": 6157158.645021906}"
MB2,2,10,HIGH_RATE_BURSTS,frequent bursts across most of the patch,50000,1.5440067052841187,5,"{""L"": 5, ""amp"": 15462144.0, ""delta"": 15462144.0, ""level_mean"": 1368116608.0, ""level_std"": 5439893.670414965, ""max_step"": 4052608.0, ""mean_abs_step"": 3865536.0, ""pos_max_step"": 0.0, ""step_std"": 118424.57690868057}"
MB2,2,11,HIGH_RATE_BURSTS,frequent bursts across most of the patch,50000,1.5440067052841187,5,"{""L"": 5, ""amp"": 418877440.0, ""delta"": 418877440.0, ""level_mean"": 44737025638.4, ""level_std"": 147807213.4516112, ""max_step"": 107659264.0, ""mean_abs_step"": 104719360.0, ""pos_max_step"": 0.0, ""step_std"": 1705270.554299229}"
MB2,2,12,HIGH_RATE_BURSTS,frequent bursts across most of the patch,50000,1.5440067052841187,5,"{""L"": 5, ""amp"": 2296479744.0, ""delta"": 2296479744.0, ""level_mean"": 393640961638.4, ""level_std"": 811519643.099962, ""max_step"": 576552960.0, ""mean_abs_step"": 574119936.0, ""pos_max_step"": 0.0, ""step_std"": 3082489.6961981882}"
MB2,2,13,HIGH_RATE_BURSTS,frequent bursts across most of the patch,50000,1.5440067052841187,5,"{""L"": 5, ""amp"": 851591168.0, ""delta"": 851591168.0, ""level_mean"": 140350750720.0, ""level_std"": 301309509.1136192, ""max_step"": 214106112.0, ""mean_abs_step"": 212897792.0, ""pos_max_step"": 0.25, ""step_std"": 981972.7540008429}"
MB2,2,14,HIGH_RATE_BURSTS,frequent bursts across most of the patch,21493,1.5440067052841187,5,"{""L"": 5, ""amp"": 9184870400.0, ""delta"": 9184870400.0, ""level_mean"": 1315537289216.0, ""level_std"": 3247482360.084209, ""max_step"": 2300051456.0, ""mean_abs_step"": 2296217600.0, ""pos_max_step"": 0.0, ""step_std"": 3786795.750964131}"
MB2,2,15,HIGH_RATE_BURSTS,frequent bursts across most of the patch,50000,1.5440067052841187,5,"{""L"": 5, ""amp"": 87334912.0, ""delta"": 87334912.0, ""level_mean"": 8370670080.0, ""level_std"": 30728346.737653583, ""max_step"": 24204800.0, ""mean_abs_step"": 21833728.0, ""pos_max_step"": 0.75, ""step_std"": 1629263.2438301675}"
MB2,3,0,HIGH_RATE_BURSTS,frequent bursts across most of the patch,50000,1.2563490867614746,5,"{""L"": 5, ""amp"": 2789113856.0, ""delta"": 2789113856.0, ""level_mean"": 417132039372.8, ""level_std"": 986135530.0573417, ""max_step"": 698580992.0, ""mean_abs_step"": 697278464.0, ""pos_max_step"": 0.25, ""step_std"": 1003678.8119234161}"
MB2,3,1,HIGH_RATE_BURSTS,frequent bursts across most of the patch,50000,1.2563490867614746,5,"{""L"": 5, ""amp"": 69406720.0, ""delta"": 69406720.0, ""level_mean"": 11397861785.6, ""level_std"": 24515725.369847603, ""max_step"": 18004992.0, ""mean_abs_step"": 17351680.0, ""pos_max_step"": 0.75, ""step_std"": 469319.9901133554}"
MB2,3,2,HIGH_RATE_BURSTS,frequent bursts across most of the patch,50000,1.2563490867614746,5,"{""L"": 5, ""amp"": 9421952.0, ""delta"": 9421952.0, ""level_mean"": 1009368755.2, ""level_std"": 3324413.2525231214, ""max_step"": 2415360.0, ""mean_abs_step"": 2355488.0, ""pos_max_step"": 0.0, ""step_std"": 43573.17927349346}"
MB2,3,3,HIGH_RATE_BURSTS,frequent bursts across most of the patch,50000,1.2563490867614746,5,"{""L"": 5, ""amp"": 1053769728.0, ""delta"": 1053769728.0, ""level_mean"": 167776082329.6, ""level_std"": 372170311.3003963, ""max_step"": 266387456.0, ""mean_abs_step"": 263442432.0, ""pos_max_step"": 0.75, ""step_std"": 1941672.4990172777}"
MB2,3,4,HIGH_RATE_BURSTS,frequent bursts across most of the patch,50000,1.2563490867614746,5,"{""L"": 5, ""amp"": 493944832.0, ""delta"": 493944832.0, ""level_mean"": 79549333504.0, ""level_std"": 174380152.6306736, ""max_step"": 127025152.0, ""mean_abs_step"": 123486208.0, ""pos_max_step"": 0.0, ""step_std"": 2519256.445985601}"
MB2,3,5,HIGH_RATE_BURSTS,frequent bursts across most of the patch,73,1.2563490867614746,5,"{""L"": 5, ""amp"": 3971710976.0, ""delta"": 3971710976.0, ""level_mean"": 289489852825.6, ""level_std"": 1403930492.4309022, ""max_step"": 1001947136.0, ""mean_abs_step"": 992927744.0, ""pos_max_step"": 0.75, ""step_std"": 6377959.9761930145}"
MB2,3,6,HIGH_RATE_BURSTS,frequent bursts across most of the patch,50000,1.2563490867614746,5,"{""L"": 5, ""amp"": 14711680.0, ""delta"": 14711680.0, ""level_mean"": 1381459891.2, ""level_std"": 5199396.967100488, ""max_step"": 3876864.0, ""mean_abs_step"": 3677920.0, ""pos_max_step"": 0.75, ""step_std"": 170876.86888517122}"
MB2,3,7,HIGH_RATE_BURSTS,frequent bursts across most of the patch,50000,1.2563490867614746,5,"{""L"": 5, ""amp"": 322598912.0, ""delta"": 322598912.0, ""level_mean"": 33608368537.6, ""level_std"": 113835094.40092865, ""max_step"": 82870272.0, ""mean_abs_step"": 80649728.0, ""pos_max_step"": 0.0, ""step_std"": 1288192.3052463867}"
MB2,3,8,HIGH_RATE_BURSTS,frequent bursts across most of the patch,50000,1.2563490867614746,5,"{""L"": 5, ""amp"": 1701380096.0, ""delta"": 1701380096.0, ""level_mean"": 290135461068.8, ""level_std"": 602522854.5742565, ""max_step"": 433324032.0, ""mean_abs_step"": 425345024.0, ""pos_max_step"": 0.25, ""step_std"": 6290453.253423317}"
MB2,3,9,HIGH_RATE_BURSTS,frequent bursts across most of the patch,50000,1.2563490867614746,5,"{""L"": 5, ""amp"": 719601664.0, ""delta"": 719601664.0, ""level_mean"": 125362654412.8, ""level_std"": 254589509.38579562, ""max_step"": 181682176.0, ""mean_abs_step"": 179900416.0, ""pos_max_step"": 0.0, ""step_std"": 1791488.5121462543}"
MB2,3,10,LOW_STABLE,roughly constant over the patch,348,1.2563490867614746,5,"{""L"": 5, ""amp"": 0.0, ""delta"": 0.0, ""level_mean"": 31334.0, ""level_std"": 0.0, ""max_step"": 0.0, ""mean_abs_step"": 0.0, ""pos_max_step"": 0.0, ""step_std"": 0.0}"
MB2,3,11,HIGH_RATE_BURSTS,frequent bursts across most of the patch,22128,1.2563490867614746,5,"{""L"": 5, ""amp"": 8977645568.0, ""delta"": 8977645568.0, ""level_mean"": 1403275208294.4, ""level_std"": 3174070104.359438, ""max_step"": 2262171648.0, ""mean_abs_step"": 2244411392.0, ""pos_max_step"": 0.0, ""step_std"": 12517719.115716249}"
MB2,3,12,HIGH_RATE_BURSTS,frequent bursts across most of the patch,50000,1.2563490867614746,5,"{""L"": 5, ""amp"": 3389358080.0, ""delta"": 3389358080.0, ""level_mean"": 517766453657.6, ""level_std"": 1197512047.9930463, ""max_step"": 851935232.0, ""mean_abs_step"": 847339520.0, ""pos_max_step"": 0.0, ""step_std"": 3243400.9891347075}"
MB2,3,13,HIGH_RATE_BURSTS,frequent bursts across most of the patch,50000,1.2563490867614746,5,"{""L"": 5, ""amp"": 86524416.0, ""delta"": 86524416.0, ""level_mean"": 8614621081.6, ""level_std"": 30557080.75292634, ""max_step"": 22581248.0, ""mean_abs_step"": 21631104.0, ""pos_max_step"": 0.75, ""step_std"": 605124.477614317}"
MB2,3,14,HIGH_RATE_BURSTS,frequent bursts across most of the patch,50000,1.2563490867614746,5,"{""L"": 5, ""amp"": 1883750400.0, ""delta"": 1883750400.0, ""level_mean"": 229223740211.2, ""level_std"": 666149442.9634073, ""max_step"": 472449024.0, ""mean_abs_step"": 470937600.0, ""pos_max_step"": 0.5, ""step_std"": 1602342.426124953}"
MB2,3,15,HIGH_RATE_BURSTS,frequent bursts across most of the patch,50000,1.2563490867614746,5,"{""L"": 5, ""amp"": 613163008.0, ""delta"": 613163008.0, ""level_mean"": 90549015347.2, ""level_std"": 217240507.4748315, ""max_step"": 157097984.0, ""mean_abs_step"": 153290752.0, ""pos_max_step"": 0.5, ""step_std"": 2264220.3039669087}"
